﻿{"cameraMode":{"drawMode":0,"name":"Shaded","section":"Shading Mode"},"sceneLighting":true,"audioPlay":false,"sceneViewState":{"showFog":true,"showMaterialUpdate":true,"showSkybox":false,"showFlares":true,"showImageEffects":true,"showParticleSystems":true},"in2DMode":false,"pivot":{"x":1.1957168579101563,"y":30.063404083251954,"z":25.204757690429689},"rotation":{"x":-0.17179924249649049,"y":0.30667543411254885,"z":-0.05637399107217789,"w":-0.9344934821128845},"size":126.4532470703125,"orthographic":false}