﻿{"cameraMode":{"drawMode":0,"name":"Shaded","section":"Shading Mode"},"sceneLighting":true,"audioPlay":false,"sceneViewState":{"showFog":true,"showMaterialUpdate":false,"showSkybox":false,"showFlares":true,"showImageEffects":false,"showParticleSystems":true},"in2DMode":false,"pivot":{"x":-2.1870970726013185,"y":1.5242094993591309,"z":-1.0530414581298829},"rotation":{"x":-0.23494017124176026,"y":-0.23853446543216706,"z":0.059589698910713199,"w":-0.940431535243988},"size":3.2820258140563967,"orthographic":false}